date,symbol,open,high,low,close,volume,avg_spread,ticks
2025-12-22,GOOGL,309.0,310.69,305.32,309.84,728234,0.7967680772214077,11640
2025-12-22,MSFT,487.43,488.69,482.7,484.97,476363,0.6730103748326647,12014
2025-12-22,QQQ,620.02,621.63,617.78,619.71,1798046,0.01452542899561446,28967
2025-12-22,SPY,682.85,685.36,682.69,684.86,1463450,0.01930998340466432,22905
2025-12-22,TSLA,486.22,498.81,485.36,489.63,1022903,0.48104627688485146,25780
2025-12-23,GOOGL,309.89,314.92,308.85,314.67,884604,0.17096661490683232,15466
2025-12-23,MSFT,486.11,487.82,484.68,486.81,316934,0.773648178231608,8627
2025-12-23,QQQ,619.12,622.41,617.43,622.1,1581517,0.016265060240964534,24310
2025-12-23,SPY,684.61,688.2,683.33,687.66,1370560,0.018457919498171143,22965
2025-12-23,TSLA,490.0,491.88,482.85,485.7,666321,0.778496231747527,16987
2025-12-24,GOOGL,315.8,315.8,311.96,314.17,245746,0.2897510288065843,4871
2025-12-24,MSFT,487.36,489.15,484.87,487.64,116115,0.6665252938170652,3933
2025-12-24,QQQ,622.42,624.28,621.76,623.14,385826,0.02359468653815061,6186
2025-12-24,SPY,687.96,690.825,687.82,689.86,765177,0.018404239097284735,13117
2025-12-24,TSLA,486.21,490.87,476.855,484.5,534258,0.4667770148765727,12236
2025-12-26,GOOGL,314.71,315.09,312.3,313.39,348536,0.18896496114939082,6839
2025-12-26,MSFT,487.62,488.1,485.985,487.45,172461,0.7237224816544362,6007
2025-12-26,QQQ,624.52,625.5,623.14,623.61,1064673,0.015464454692460522,16702
2025-12-26,SPY,690.44,691.615,689.29,690.15,661371,0.028558829424734603,9978
2025-12-26,TSLA,486.25,489.06,473.85,474.76,725070,0.6026677586985985,17704
2025-12-29,GOOGL,312.02,314.0,310.56,313.43,423075,0.2286693017127798,9124
2025-12-29,MSFT,486.25,488.33,484.21,485.88,208061,0.8465651004992957,7820
2025-12-29,QQQ,621.2,622.78,618.75,620.97,776263,0.0736274429634473,12245
2025-12-29,SPY,688.32,689.18,686.09,687.72,1611151,0.013015245434745783,29855
2025-12-29,TSLA,469.45,470.7,457.35,458.0,881862,0.5095653913878669,24993
2025-12-30,GOOGL,313.29,316.9,312.47,314.01,499027,0.21816033925686645,9918
2025-12-30,MSFT,485.57,489.655,485.0,488.18,321063,0.5345596732416809,10044
2025-12-30,QQQ,620.66,622.18,618.94,618.96,904057,0.016762030414553115,14404
2025-12-30,SPY,687.62,688.55,686.58,687.06,1386964,0.015542457260943481,21295
2025-12-30,TSLA,463.78,463.8,453.86,455.3,707340,0.27918695934796717,20003
2025-12-31,GOOGL,313.0,314.56,311.455,312.89,386164,0.20708622283864944,8663
2025-12-31,MSFT,487.43,488.11,483.33,483.62,348341,0.6716759722757045,10396
2025-12-31,QQQ,617.2,620.43,613.79,613.79,1253188,0.014755570026512503,21505
2025-12-31,SPY,685.19,687.66,681.72,682.08,1921382,0.014188177746346446,33940
2025-12-31,TSLA,453.85,458.03,449.33,449.73,600231,0.5136862403582975,16076
2026-01-02,GOOGL,316.47,322.5,310.37,315.01,815795,0.4428027798394163,14841
2026-01-02,MSFT,485.54,485.97,470.16,473.03,934047,0.6336769670215522,19272
2026-01-02,QQQ,620.14,622.805,610.15,613.05,1468460,0.023429178647330542,23997
2026-01-02,SPY,686.35,686.87,679.84,683.32,1686478,0.01717069623704705,27505
2026-01-02,TSLA,455.75,460.0,435.325,439.82,1107579,0.2621343977213098,26701
2026-01-05,GOOGL,316.0,318.95,314.65,316.93,793928,0.29428513271454215,12337
2026-01-05,MSFT,473.15,476.04,469.54,472.5,755186,1.0994289378855435,16406
2026-01-05,QQQ,617.6,620.79,616.45,617.9,1214625,0.027243169072903944,16763
2026-01-05,SPY,685.21,689.43,684.45,687.54,2019347,0.015524932342053353,32148
2026-01-05,TSLA,445.5,457.525,443.43,451.5,1067428,0.259876710149539,25150
2026-01-06,GOOGL,316.95,320.93,311.79,314.3,867161,0.33279283822973055,15876
2026-01-06,MSFT,473.2,478.76,469.76,478.76,578966,0.6304764663287459,13839
2026-01-06,QQQ,617.85,624.02,617.85,623.78,1213802,0.025092916026268328,14318
2026-01-06,SPY,687.35,692.31,687.35,692.0,2339089,0.014613400162157541,40704
2026-01-06,TSLA,449.34,449.95,428.8,435.0,1414214,0.18986732957566746,37628
2026-01-07,GOOGL,313.8,326.14,313.79,322.73,1265075,0.24460067087293344,25117
2026-01-07,MSFT,478.06,489.7,477.4,483.28,647725,0.6856373762376252,16224
2026-01-07,QQQ,622.35,627.94,622.24,624.01,1927564,0.016509269473009257,28104
2026-01-07,SPY,691.44,693.96,689.22,689.66,2481260,0.01423270122815958,41616
2026-01-07,TSLA,434.0,438.35,430.78,432.1,813875,0.2091717181284327,21134
2026-01-08,GOOGL,325.59,330.3,321.5,325.65,1037983,0.23384619211063112,20158
2026-01-08,MSFT,480.33,482.565,475.99,478.42,579136,0.7783166654500323,13731
2026-01-08,QQQ,622.2,623.58,617.8,621.53,1539884,0.020375245747499684,23401
2026-01-08,SPY,688.26,690.89,687.49,690.62,2455714,0.013947828257613024,40063
2026-01-08,TSLA,429.29,436.89,424.4,436.0,706176,0.2922115793954883,18816
2026-01-09,GOOGL,327.84,330.8,325.85,328.58,594557,0.33533015237801955,13012
2026-01-09,MSFT,478.11,479.8,472.22,479.28,522692,0.8879522699218212,14594
2026-01-09,QQQ,621.93,627.88,619.1,626.61,1243164,0.027964211154189705,16770
2026-01-09,SPY,690.41,695.295,689.21,694.07,2655527,0.017453318543168825,43276
2026-01-09,TSLA,436.92,449.04,430.46,444.8,867678,0.24249431285962805,22461
2026-01-12,GOOGL,326.22,334.025,325.0,332.14,966649,0.5332141875171847,18228
2026-01-12,MSFT,476.41,480.99,475.3,476.96,607863,0.49209513960703205,14551
2026-01-12,QQQ,621.1,628.84,621.1,626.97,1098103,0.02249951421724147,15478
2026-01-12,SPY,690.0,696.07,690.0,694.75,2096994,0.014635187069062172,35398
2026-01-12,TSLA,441.03,454.25,438.0,448.51,1068210,0.7214022950412199,24140
2026-01-13,GOOGL,334.44,340.47,333.665,336.52,1259448,0.3558525910364142,22984
2026-01-13,MSFT,475.28,477.25,465.975,469.87,758938,1.1963877663024491,20165
2026-01-13,QQQ,626.44,629.49,623.7,625.98,1440269,0.02600087032201834,23006
2026-01-13,SPY,694.77,697.28,691.39,693.5,2437709,0.01506737526131521,39720
2026-01-13,TSLA,448.39,451.78,443.97,447.0,855788,0.24960892049127387,18581
2026-01-14,GOOGL,334.4,336.5,330.5,335.2,1336841,0.25519044886789966,22708
2026-01-14,MSFT,467.91,468.09,457.2,459.09,1055121,0.5209385544678207,24116
2026-01-14,QQQ,622.75,623.48,614.6,618.64,1555780,0.02774471150200916,26417
2026-01-14,SPY,690.91,691.87,686.14,689.71,2592901,0.017375210319685946,44618
2026-01-14,TSLA,443.81,445.23,434.24,438.0,1264153,0.23254495249991838,30432
2026-01-15,GOOGL,337.81,338.21,330.74,332.52,708463,0.30488413932066755,13921
2026-01-15,MSFT,461.09,465.44,455.92,457.18,776880,0.5756839204880918,20520
2026-01-15,QQQ,622.21,627.25,620.835,622.15,1027132,0.037669109947644226,14339
2026-01-15,SPY,691.59,695.44,691.25,692.11,2409859,0.014078010969584758,44129
2026-01-15,TSLA,441.6,445.33,437.65,438.83,936490,0.24175839337728008,19585
2026-01-16,GOOGL,334.97,334.97,327.77,330.0,965116,0.21486613286625802,15995
2026-01-16,MSFT,457.22,463.18,456.5,460.07,575773,0.8099360133537373,14440
2026-01-16,QQQ,625.61,626.01,618.915,621.12,1588607,0.01952656929161556,25541
2026-01-16,SPY,693.62,694.23,690.11,691.5,1978894,0.013607173850158966,34571
2026-01-16,TSLA,441.2,447.21,435.27,437.61,984721,0.19395860161205697,21021
2026-01-20,GOOGL,321.58,327.75,320.26,320.73,1231308,0.27956671315667114,21704
2026-01-20,MSFT,453.6,456.775,448.94,455.0,761345,0.5251021054297936,19198
2026-01-20,QQQ,607.95,615.055,607.05,607.3,1245586,0.17475367028375793,17240
2026-01-20,SPY,680.54,684.745,676.57,678.17,1627697,0.026525784912629143,28173
2026-01-20,TSLA,422.55,430.55,417.48,419.2,1229485,0.22679562237062734,34042
2026-01-21,GOOGL,321.98,332.45,318.39,328.88,1085682,0.588721936148301,19451
2026-01-21,MSFT,452.21,454.54,438.7,445.6,1255388,0.6111722985644632,29411
2026-01-21,QQQ,608.45,620.4,605.63,618.1,1460900,0.036473252320523855,22320
2026-01-21,SPY,679.49,688.73,675.91,685.34,3346635,0.017182762908574123,67573
2026-01-21,TSLA,419.52,438.12,419.4,432.8,995386,0.667400347289215,25916
2026-01-22,GOOGL,334.82,335.23,328.77,330.42,697408,0.29247667664143606,11383
2026-01-22,MSFT,449.2,452.78,444.75,451.1,718915,0.8501843913021017,19600
2026-01-22,QQQ,621.97,622.59,617.8,619.78,833200,0.03161968177101343,11669
2026-01-22,SPY,689.47,691.12,686.92,688.2,1695180,0.01416377643411792,32597
2026-01-22,TSLA,436.66,451.37,432.67,448.66,1060750,0.3977133973996615,24786
2026-01-23,GOOGL,330.97,333.63,327.46,327.84,965578,0.27521666666666683,15677
2026-01-23,MSFT,451.73,471.075,449.07,465.66,1028002,0.6434974830378654,22985
2026-01-23,QQQ,619.38,625.38,618.43,621.42,809188,0.041764943865682226,9897
2026-01-23,SPY,688.7,690.96,687.18,688.04,1636966,0.016957698693423867,27708
2026-01-23,TSLA,448.86,452.43,444.13,448.0,703994,0.37088742715365547,17418
2026-01-26,GOOGL,326.69,335.84,326.69,333.66,715473,0.1851426215993398,12163
2026-01-26,MSFT,466.89,474.23,462.0,471.36,798178,1.3314608944468005,18900
2026-01-26,QQQ,622.13,627.59,619.32,625.8,1375226,0.019265367316341056,20678
2026-01-26,SPY,689.55,694.12,687.31,692.44,1550938,0.01586127662888982,25682
2026-01-26,TSLA,444.44,446.12,434.29,434.7,531079,0.40841321011533843,14016
2026-01-27,GOOGL,334.0,337.91,333.49,334.89,689175,0.27952644041041835,12705
2026-01-27,MSFT,473.46,482.855,472.01,481.07,876044,0.3187635225748768,22500
2026-01-27,QQQ,629.69,632.65,627.37,632.65,966972,0.02463081369887011,11466
2026-01-27,SPY,694.52,696.53,693.58,695.8,1798825,0.013496938881393895,28926
2026-01-27,TSLA,437.79,438.0,430.7,431.5,395170,0.49990429845904205,12388
2026-01-28,GOOGL,335.59,342.4,331.94,341.24,1264621,0.30492304521093827,14638
2026-01-28,MSFT,481.25,483.65,444.35,450.36,740949,1.1218643060836515,17851
2026-01-28,QQQ,637.18,637.18,629.98,633.45,1281426,0.01980859604464339,20678
2026-01-28,SPY,698.01,698.07,693.32,696.51,1349682,0.021186701618608403,24092
2026-01-28,TSLA,432.22,450.01,425.57,435.48,688936,0.6620701883100998,16589
2026-01-29,GOOGL,342.6,342.6,326.58,337.86,1295369,0.2619817137997025,18858
2026-01-29,MSFT,449.82,451.8,421.05,433.18,4534896,0.5177427911980029,95998
2026-01-29,QQQ,634.0,634.22,618.33,628.67,1316287,0.027304626035875464,19127
2026-01-29,SPY,696.74,697.41,684.85,693.94,2391527,0.01661489673117585,36937
2026-01-29,TSLA,443.96,443.97,414.65,430.52,1343484,1.4728751218153977,35922
2026-01-30,GOOGL,334.97,339.95,332.33,337.53,931003,0.2673364361702125,15069
2026-01-30,MSFT,436.54,439.525,426.47,429.8,1832797,0.6724989256067496,44240
2026-01-30,QQQ,623.97,628.21,619.31,621.09,1540128,0.030131241324190837,23776
2026-01-30,SPY,691.46,694.18,687.13,691.48,2315168,0.0382074246441905,36982
2026-01-30,TSLA,427.66,439.88,421.77,429.3,1689606,0.40092050627845277,40008
2026-02-02,GOOGL,334.32,345.5,334.32,345.5,866364,0.6126604918556374,15764
2026-02-02,MSFT,426.94,430.71,422.26,422.85,1272780,1.5062501781895938,28125
2026-02-02,QQQ,617.12,628.49,616.73,626.75,1259079,0.029913166055822046,17752
2026-02-02,SPY,689.0,696.94,688.29,695.53,2634788,0.01436233639753926,42110
2026-02-02,TSLA,423.54,427.12,414.54,422.58,1227854,0.7106225129830718,29684
2026-02-03,GOOGL,347.85,349.0,337.49,341.38,820789,0.3731756621522447,15091
2026-02-03,MSFT,423.96,423.96,408.575,411.29,2092156,0.2473218512009381,42727
2026-02-03,QQQ,629.05,629.73,610.96,615.7,1860658,0.0227225184577519,29349
2026-02-03,SPY,697.44,697.44,684.035,689.34,2810811,0.01628136551424238,46029
2026-02-03,TSLA,426.6,428.53,413.69,420.54,999525,0.5450165088191853,23047
2026-02-04,GOOGL,343.22,348.65,309.48,327.27,2467168,0.5314166666666671,33205
2026-02-04,MSFT,413.42,418.67,409.01,409.49,1280160,0.8269632738719829,28688
2026-02-04,QQQ,615.04,615.4,600.47,607.35,2083016,0.03244906914060016,31970
2026-02-04,SPY,690.6,691.405,681.78,688.55,2736807,0.02377781174261428,45856
2026-02-04,TSLA,421.0,423.9,399.21,407.8,1143171,0.453841579876752,27753
2026-02-05,GOOGL,327.82,333.53,306.52,326.61,3176767,0.6582960920874442,41380
2026-02-05,MSFT,410.75,410.75,390.71,392.79,2165572,0.40676019124308077,47860
2026-02-05,QQQ,608.0,608.0,590.09,590.09,1457387,0.04466803498126024,22457
2026-02-05,SPY,682.1,683.64,673.65,673.65,1981225,0.03528842060451167,28233
2026-02-05,TSLA,406.58,406.58,387.55,390.28,1157748,0.7546564163631255,28601
2026-02-06,GOOGL,327.44,330.36,319.97,322.55,1900587,0.40791564596868696,28224
2026-02-06,MSFT,400.18,402.21,392.95,401.7,1697035,0.4831763701241272,33077
2026-02-06,QQQ,598.03,611.38,598.03,608.66,1174555,0.03724094539884003,18280
2026-02-06,SPY,680.29,692.3,680.29,689.9,2881506,0.015161365671350723,51384
2026-02-06,TSLA,403.0,414.55,397.8,411.68,938900,1.7866301159694957,22162
2026-02-09,GOOGL,322.29,327.69,317.29,324.98,1301845,0.20086453894278752,22142
2026-02-09,MSFT,403.5,414.88,400.88,413.75,2194778,0.3087294983838139,33482
2026-02-09,QQQ,610.17,616.46,605.15,614.96,1625217,0.022025829983624012,26872
2026-02-09,SPY,691.47,695.855,688.38,693.58,1441729,0.020078259868799752,26082
2026-02-09,TSLA,411.33,421.25,407.36,418.14,740851,0.9537529703754549,18946
2026-02-10,GOOGL,322.47,323.24,314.625,318.51,947369,0.16878861895959896,15222
2026-02-10,MSFT,414.77,423.665,412.72,414.1,1994635,0.7500225553933934,22797
2026-02-10,QQQ,615.15,617.02,611.015,612.27,1485807,0.021906904149835083,21785
2026-02-10,SPY,695.0,696.53,691.66,692.97,1431737,0.019981557107099902,22776
2026-02-10,TSLA,419.09,427.22,417.0,425.55,968124,0.6540839313289133,22234
2026-02-11,GOOGL,318.8,321.13,309.66,311.79,1171329,0.3198431753167145,19643
2026-02-11,MSFT,414.04,417.75,401.03,405.1,1276632,0.4892386395709847,28382
2026-02-11,QQQ,611.6,617.5,607.72,613.16,934836,0.17009276034495274,13812
2026-02-11,SPY,693.2,697.13,689.22,692.57,1460820,0.025057658450704415,22736
2026-02-11,TSLA,424.65,436.35,420.07,427.6,1036067,0.3378983237385713,23689
2026-02-12,GOOGL,312.21,316.19,307.48,309.34,1214480,0.4734628773611822,17545
2026-02-12,MSFT,405.84,406.44,398.02,402.22,1214009,0.8044352702913243,25697
2026-02-12,QQQ,614.73,616.49,599.58,600.5,1202072,0.03908827785817658,17972
2026-02-12,SPY,694.43,695.34,680.37,682.58,2436391,0.022580883156628814,36606
2026-02-12,TSLA,429.66,436.19,414.0,416.0,1291392,0.515001368363437,29239
2026-02-13,GOOGL,307.12,309.36,303.8,305.8,1150327,0.6827114565981847,16243
2026-02-13,MSFT,401.85,405.5,398.07,400.17,1014664,0.800540908877296,21379
2026-02-13,QQQ,600.48,606.47,596.43,601.16,1824806,0.15016782673214843,28351
2026-02-13,SPY,679.54,686.27,677.53,681.6,2340438,0.033652286384090735,37141
2026-02-13,TSLA,413.5,424.04,410.89,417.01,1054102,18.843768003905932,24657
2026-02-17,GOOGL,301.0,304.38,296.26,301.0,1121158,0.3555145527051955,16817
2026-02-17,MSFT,398.58,400.5,394.55,396.4,883077,0.7639263715110696,20815
2026-02-17,QQQ,595.89,603.95,593.36,600.85,895724,0.0612674680691212,13367
2026-02-17,SPY,678.34,684.92,675.78,682.58,1505538,0.03838500123345118,24350
2026-02-17,TSLA,412.5,413.69,400.52,409.19,1012013,0.48408518639633746,24489
2026-02-18,GOOGL,303.5,305.38,301.25,303.66,794732,0.40544983909332605,14330
2026-02-18,MSFT,399.5,402.53,396.36,400.7,571411,0.2926135611575724,16668
2026-02-18,QQQ,604.18,609.77,600.74,606.09,1754133,0.022402575048196014,29055
2026-02-18,SPY,685.32,689.14,682.83,685.87,2419991,0.016508240891326697,41199
2026-02-18,TSLA,412.16,416.875,409.58,410.79,580856,0.5824446549070686,16951
2026-02-19,GOOGL,302.01,305.455,300.03,303.09,1235395,0.35090878883535515,12086
2026-02-19,MSFT,400.09,404.38,396.67,398.45,863733,0.6610232897410516,19197
2026-02-19,QQQ,603.69,605.81,600.77,603.74,950208,0.029610129956681074,15011
2026-02-19,SPY,686.1,686.135,681.56,684.8,2226033,0.01645658693239446,42350
2026-02-19,TSLA,407.7,415.22,404.195,411.09,958645,0.27447394658130925,19058
2026-02-20,GOOGL,306.08,316.5,303.85,314.98,1161623,0.38675866050808294,17356
2026-02-20,MSFT,397.67,400.11,395.24,397.25,1040455,0.3637737207726187,23720
2026-02-20,QQQ,603.11,610.32,599.29,608.88,1160100,0.04586231331080334,18351
2026-02-20,SPY,684.2,690.06,681.81,689.42,2200208,0.030658088520269862,38711
2026-02-20,TSLA,411.26,414.655,405.52,411.0,932687,0.28883977631898855,20582
2026-02-23,GOOGL,316.46,319.51,309.87,312.25,795532,0.4291465204294431,12981
2026-02-23,MSFT,395.27,395.84,383.11,385.1,1384948,0.24002548311743443,33082
2026-02-23,QQQ,606.1,608.0,599.08,602.08,1094875,0.03108609983281609,16749
2026-02-23,SPY,687.89,690.0,680.385,682.79,1896926,0.022578828030893092,28227
2026-02-23,TSLA,407.9,407.97,394.05,399.3,1518495,0.32966166012946757,31425
2026-02-24,GOOGL,311.76,312.61,305.98,310.77,593194,0.2704921059920604,10863
2026-02-24,MSFT,384.61,389.34,381.76,388.3,963198,0.30466840168715814,22309
2026-02-24,QQQ,602.74,608.99,599.785,608.21,1185507,0.029433904056764406,19456
2026-02-24,SPY,683.58,688.34,680.0,687.03,1700357,0.02091062147719777,27338
2026-02-24,TSLA,397.12,410.81,397.12,409.05,1076481,0.25610859136502345,22980
2026-02-25,GOOGL,312.51,313.635,309.44,313.0,830751,0.31195100750691346,12671
2026-02-25,MSFT,389.7,401.3,389.7,398.5,1500799,0.2665973663039333,23726
2026-02-25,QQQ,609.25,618.92,609.25,614.26,1106541,0.02324654956085327,16007
2026-02-25,SPY,688.2,695.07,688.2,694.5,1094943,0.01861358313817173,17114
2026-02-25,TSLA,409.21,420.32,409.21,414.81,1098711,0.21514586386039644,22561
2026-02-26,GOOGL,311.47,314.17,302.36,307.63,706979,0.2816182804275002,12590
2026-02-26,MSFT,400.3,407.49,394.05,396.5,1282068,0.8715378489395605,23924
2026-02-26,QQQ,616.25,617.31,603.99,607.86,2042185,0.025011059371361898,34393
2026-02-26,SPY,692.6,694.08,684.37,687.6,1481381,0.28276673212240294,24450
2026-02-26,TSLA,415.2,416.77,403.76,407.54,1120041,0.28979518689196015,21526
2026-02-27,GOOGL,304.86,312.3,303.83,310.32,958526,0.4686838073669488,15024
2026-02-27,MSFT,397.04,397.04,390.0,394.98,1138954,0.3162828393706544,27399
2026-02-27,QQQ,608.49,608.49,602.2,606.6,1073152,0.06852582326462965,16890
2026-02-27,SPY,688.86,688.86,681.66,684.88,3186094,0.020751010748446527,50729
2026-02-27,TSLA,407.0,407.11,398.13,401.75,1097264,0.44540225610511874,24252
2026-03-02,GOOGL,303.3,308.49,301.35,305.5,813930,0.3789952769428936,11703
2026-03-02,MSFT,389.82,401.18,389.82,398.27,649707,1.4863164454415163,16214
2026-03-02,QQQ,597.05,609.91,597.05,606.32,1787275,0.0278343927160283,29110
2026-03-02,SPY,677.99,688.59,677.83,686.0,3061981,0.022077089848621147,52132
2026-03-02,TSLA,394.24,404.5,388.3,402.8,799842,1.5559900185050177,17834
2026-03-03,GOOGL,299.98,303.945,296.73,302.0,1104172,0.3546753508021923,19909
2026-03-03,MSFT,391.84,406.69,390.33,403.83,915072,0.8276899408284031,21183
2026-03-03,QQQ,596.43,603.96,591.88,601.5,2505124,0.03304839948783606,39077
2026-03-03,SPY,676.87,682.58,669.67,678.82,4161344,0.02672668716146947,61509
2026-03-03,TSLA,391.41,396.73,385.4,390.9,1015792,0.3248694375502492,28654
2026-03-04,GOOGL,302.94,305.45,300.77,303.2,1065098,0.20193793911007013,17107
2026-03-04,MSFT,404.6,411.0,400.41,407.0,1006436,0.5827909748829284,23552
2026-03-04,QQQ,599.42,612.85,599.03,612.13,1219843,0.03778628104605847,21335
2026-03-04,SPY,678.98,687.09,678.98,685.96,2832871,0.01897408766518853,44463
2026-03-04,TSLA,390.33,408.33,390.33,405.61,1141707,0.39923668417104297,26709
2026-03-05,GOOGL,304.0,304.72,297.99,300.4,1580237,0.2702041573867853,16194
2026-03-05,MSFT,405.01,411.59,402.42,410.37,1059636,0.5238514920194298,24572
2026-03-05,QQQ,609.28,612.73,602.28,609.21,2407850,0.026163492800742785,34460
2026-03-05,SPY,685.3,685.9,675.63,680.42,2282972,0.025631780660377558,33933
2026-03-05,TSLA,404.95,408.61,399.5,404.51,786490,0.7510769494039137,17588
2026-03-06,GOOGL,297.9,300.51,293.96,298.09,642192,0.5585204625604853,12217
2026-03-06,MSFT,408.61,413.035,405.58,408.4,829439,0.5239512239512251,22032
2026-03-06,QQQ,608.33,608.56,598.4,599.83,1386310,0.050252963688975597,21445
2026-03-06,SPY,679.09,679.75,669.78,672.27,2242690,0.03266309655063726,31783
2026-03-06,TSLA,405.55,405.55,394.25,396.1,857124,0.2820112800392348,20462
2026-03-09,GOOGL,294.17,306.81,293.82,306.19,1178767,0.4672041315574887,18417
2026-03-09,MSFT,404.64,410.19,403.55,409.31,792755,0.9787616535819399,16335
2026-03-09,QQQ,590.72,609.27,589.66,604.74,1452152,0.048713931056936256,24579
2026-03-09,SPY,663.5,679.88,662.42,677.52,2574690,0.035610668532672654,37165
2026-03-09,TSLA,389.0,401.54,381.42,396.72,1010081,0.31743197278911506,24184
2026-03-10,GOOGL,305.01,309.51,304.99,307.12,661750,0.4580977102067299,10805
2026-03-10,MSFT,409.01,410.185,402.96,404.89,844326,0.4879468637006756,19150
2026-03-10,QQQ,609.86,613.26,605.5,608.34,2269501,0.031921071465085084,39175
2026-03-10,SPY,681.04,683.35,674.78,677.9,1791415,0.04290506208214007,26189
2026-03-10,TSLA,399.81,406.585,398.2,399.43,882575,0.5121260156522606,20109
2026-03-11,GOOGL,307.0,311.4,306.0,306.0,653901,0.3486456882948108,10773
2026-03-11,MSFT,405.99,409.01,401.61,402.0,537313,0.5507962346946007,14141
2026-03-11,QQQ,608.75,612.42,601.9,601.9,954405,0.031809505630845655,15719
2026-03-11,SPY,677.26,680.06,671.0,671.0,1233018,0.03235587118410028,20284
2026-03-11,TSLA,400.04,416.31,399.8,404.1,980960,0.4838107909708213,21797
2026-03-12,GOOGL,306.34,308.86,301.03,304.72,622156,0.40605884790716945,9660
2026-03-12,MSFT,402.95,406.06,401.71,402.3,709688,0.5719382901489536,16028
2026-03-12,QQQ,605.22,606.32,596.68,597.15,1840876,0.02475897842534823,30285
2026-03-12,SPY,673.18,674.05,665.85,667.58,2502189,0.027946814433809523,37722
2026-03-12,TSLA,408.5,408.5,394.56,395.5,852779,0.5571244334376895,21402
2026-03-13,GOOGL,306.09,307.69,300.45,301.83,506202,0.33230273417195005,9619
2026-03-13,MSFT,401.65,404.79,394.395,395.0,762470,0.3460404863078395,16944
2026-03-13,QQQ,594.8,603.585,592.31,592.31,2541627,0.029933790059313164,43498
2026-03-13,SPY,663.61,672.335,661.17,662.28,2663925,0.023200845471672712,43528
2026-03-13,TSLA,394.09,400.33,389.9,390.0,723099,0.42819528961009673,17748
2026-03-16,GOOGL,303.95,306.435,303.03,304.7,677450,0.20969425356040172,10041
2026-03-16,MSFT,397.8,400.6,394.79,399.36,768437,0.4084378013500476,17629
2026-03-16,QQQ,596.86,603.86,595.9,600.01,1192729,0.02860017633940046,19288
2026-03-16,SPY,664.94,672.05,664.29,668.7,2697264,0.02214076665001001,42032
2026-03-16,TSLA,394.94,403.71,394.0,395.15,756688,0.3612991461731171,19559
2026-03-17,GOOGL,304.88,311.42,304.88,310.99,715366,0.1930470692717579,11279
2026-03-17,MSFT,398.8,404.33,397.75,398.8,802342,0.4093502386634829,16787
2026-03-17,QQQ,598.02,605.88,597.05,603.62,1626267,0.01651103955841722,30437
2026-03-17,SPY,666.88,674.4,666.19,670.22,1435114,0.02764365062078101,22957
2026-03-17,TSLA,394.47,400.11,393.0,398.82,466019,0.915249704741015,11854
2026-03-18,GOOGL,310.38,312.48,306.5,307.69,483767,0.3092087101380303,8404
2026-03-18,MSFT,401.2,401.2,391.0,391.05,790528,0.27701299355358494,19856
2026-03-18,QQQ,607.02,607.76,592.82,593.88,1278355,0.047412258521290294,19774
2026-03-18,SPY,674.08,674.52,659.68,660.79,2444300,0.027106321542745428,38798
2026-03-18,TSLA,402.4,403.06,392.22,393.24,745212,0.22264896495312358,15893
2026-03-19,GOOGL,306.05,308.065,302.37,307.59,901775,0.2934323570432353,14340
2026-03-19,MSFT,390.99,392.6,387.07,389.5,1156884,0.22244463235886286,24834
2026-03-19,QQQ,593.27,595.75,587.09,594.05,2381986,0.028096573588586235,41006
2026-03-19,SPY,660.25,662.97,655.2,661.12,2161547,0.04077136219877451,35733
2026-03-19,TSLA,392.0,392.0,378.75,382.33,1265903,0.19526706874146127,30011
2026-03-20,GOOGL,305.26,306.11,298.3,301.11,820016,0.3492463416483438,13207
2026-03-20,MSFT,387.02,387.85,380.12,383.5,896892,0.23169905085959883,22336
2026-03-20,QQQ,594.11,594.11,578.58,586.8,2281417,0.028872648158363524,32634
2026-03-20,SPY,659.24,659.57,644.74,653.35,3343462,0.029448678006062882,47518
2026-03-20,TSLA,383.16,383.9,364.48,371.48,1443422,0.17786399245847187,30763
2026-03-23,GOOGL,303.99,306.8,300.94,301.73,869304,0.3849295879591679,13421
2026-03-23,MSFT,378.18,389.02,378.18,383.7,717523,0.2873123850910917,17949
2026-03-23,QQQ,575.31,595.51,574.42,589.38,2017582,0.03875064251806567,33073
2026-03-23,SPY,642.5,666.75,641.77,656.53,3265625,0.06660234335201252,49101
2026-03-23,TSLA,360.15,385.33,357.0,381.6,1706266,0.1615491930625573,31539
2026-03-24,GOOGL,300.96,300.96,290.335,292.8,1456770,0.18796116007378436,19516
2026-03-24,MSFT,382.04,383.01,371.85,374.6,945621,0.242473096363933,24532
2026-03-24,QQQ,590.09,591.61,581.96,589.19,1408473,0.04935498154981456,20325
2026-03-24,SPY,657.0,660.1,649.9,657.06,2615782,0.03362606445778641,39851
2026-03-24,TSLA,381.99,387.44,376.0,386.1,1115880,0.15417258792510136,22377
2026-03-25,GOOGL,294.01,296.0,289.275,290.1,1148395,0.19393303804064554,15352
2026-03-25,MSFT,375.8,378.5,369.65,370.7,840840,0.23277044314809098,19542
2026-03-25,QQQ,589.77,591.7,585.71,586.63,1577480,0.0373606417199395,24563
2026-03-25,SPY,658.12,660.85,654.25,655.13,1940657,0.030192767693822994,35547
2026-03-25,TSLA,389.8,396.23,385.01,385.86,926754,0.1570321430444127,19071
2026-03-26,GOOGL,288.5,288.5,278.6,281.48,1287413,0.37900094815110474,20039
2026-03-26,MSFT,370.0,374.695,365.03,366.37,1285437,0.19919045444165373,26274
2026-03-26,QQQ,585.43,585.43,573.26,576.2,3420632,0.06538946296335568,47129
2026-03-26,SPY,652.69,654.82,644.73,647.09,1665594,0.033703612681247774,28564
2026-03-26,TSLA,383.0,384.4,371.37,374.34,948698,0.27023482769136914,19674
2026-03-27,GOOGL,282.44,282.44,273.0,273.0,894848,0.37590132422041733,14048
2026-03-27,MSFT,365.97,365.97,356.5,356.7,1284925,0.30907460917240887,26994
2026-03-27,QQQ,575.9,576.12,560.23,560.4,2945188,0.020056823092213075,46284
2026-03-27,SPY,647.58,647.58,632.34,632.63,2381486,0.030142431355998704,37913
2026-03-27,TSLA,374.0,374.0,359.47,360.5,1303405,0.1509105503643024,24293
2026-03-30,GOOGL,275.0,277.0,272.0,272.0,856233,0.34282262626262755,12375
2026-03-30,MSFT,360.0,365.34,356.29,358.8,1630470,0.1428260280162666,33195
2026-03-30,QQQ,564.49,568.05,555.57,555.65,1549036,0.02741030504188451,25308
2026-03-30,SPY,636.54,641.14,629.29,630.36,2654074,0.024598280335356118,46637
2026-03-30,TSLA,364.21,367.29,352.14,352.37,1608040,0.21801719049726884,27108
2026-03-31,GOOGL,277.5,288.08,277.095,287.66,1389228,0.23608700656001952,17378
2026-03-31,MSFT,363.5,372.9,363.11,372.55,1100567,0.36684167980275756,24741
2026-03-31,QQQ,563.88,580.07,561.02,580.07,2107938,0.034824215514099074,30179
2026-03-31,SPY,638.52,651.78,635.86,651.78,3831669,0.030438970046538935,55653
2026-03-31,TSLA,360.2,375.0,355.9,375.0,1224092,0.27276366592156004,24605
2026-04-01,GOOGL,291.9,300.515,289.24,297.14,1363932,0.3547829716193647,17972
2026-04-01,MSFT,374.51,376.3,368.28,369.25,726318,0.46594764517603937,17496
2026-04-01,QQQ,581.13,587.73,579.59,584.16,2415432,0.02675192147901968,38512
2026-04-01,SPY,653.13,658.52,652.32,655.0,2196857,0.048670235033789845,33444
2026-04-01,TSLA,377.0,383.13,374.12,380.36,1350094,0.2228561982013754,22684
2026-04-02,GOOGL,291.76,298.06,288.11,296.1,666037,0.3318205590622185,11091
2026-04-02,MSFT,366.05,374.0,364.0,373.25,595962,0.5564510029040312,14807
2026-04-02,QQQ,576.63,586.06,571.7,584.86,969610,0.051181860745100755,14951
2026-04-02,SPY,648.58,658.1,644.26,655.83,1897380,0.046499264345267556,30591
2026-04-02,TSLA,373.04,373.31,359.06,361.22,2114999,0.19017719547883072,37247
2026-04-06,GOOGL,298.83,300.61,295.2,300.16,394321,0.7116358381502875,6921
2026-04-06,MSFT,376.49,376.55,369.55,372.0,508948,0.33011492310292306,11834
2026-04-06,QQQ,587.46,590.58,584.69,587.16,602453,0.05234304343253628,9509
2026-04-06,SPY,657.67,659.62,655.52,658.87,1420779,0.04747250888174678,17735
2026-04-06,TSLA,365.66,367.67,346.65,349.9,1639873,0.14827961186705257,35864
2026-04-07,GOOGL,304.47,315.6,297.75,314.9,616002,0.6104535324270117,8974
2026-04-07,MSFT,372.42,382.38,366.56,381.48,659605,0.46822601436375766,16291
2026-04-07,QQQ,586.89,605.87,578.415,604.51,1214390,0.0767580340264644,20132
2026-04-07,SPY,658.21,674.85,651.06,673.7,2274905,0.0997763695980544,27307
2026-04-07,TSLA,351.21,361.8,337.25,361.5,1531881,0.24820711912065477,31296
2026-04-08,GOOGL,317.1,322.015,315.04,317.26,915612,0.3142976337026408,14622
2026-04-08,MSFT,384.5,385.8,371.415,374.1,873265,0.25490235153447555,22581
2026-04-08,QQQ,607.42,609.95,602.15,604.49,1031684,0.05362449429937526,16369
2026-04-08,SPY,675.51,678.12,671.55,675.47,2764319,0.049359368938316946,38665
2026-04-08,TSLA,364.6,364.6,339.69,341.03,1432106,0.17386734762448636,29762
2026-04-09,GOOGL,315.81,319.52,311.105,318.83,660441,0.35027763226820324,11454
2026-04-09,MSFT,374.0,374.57,367.07,373.1,912750,0.268947322135256,22742
2026-04-09,QQQ,603.64,610.5,603.01,609.53,899722,0.045691841234839346,14513
2026-04-09,SPY,673.62,681.12,672.9,678.7,1736366,0.033613478226878574,25582
2026-04-09,TSLA,340.8,348.88,337.25,344.92,983659,0.43311266924564784,20680
2026-04-10,GOOGL,319.45,321.83,316.32,317.63,702801,0.16870434376459612,10705
2026-04-10,MSFT,374.32,375.63,370.03,371.68,1043761,0.1772135188202368,23937
2026-04-10,QQQ,609.94,613.67,609.07,612.02,791126,0.043498757436553674,13281
2026-04-10,SPY,679.42,682.03,678.47,680.5,1194904,0.03476321936717008,18836
2026-04-10,TSLA,346.2,352.06,342.75,351.2,756709,0.26840045346577457,18524
2026-04-13,GOOGL,315.27,321.63,315.27,321.34,767647,0.39345746649885416,13509
2026-04-13,MSFT,369.87,387.0,367.6,387.0,1210516,0.23957676775675027,25258
2026-04-13,QQQ,606.94,618.85,606.13,618.85,770154,0.0440998033891967,10683
2026-04-13,SPY,675.33,686.81,674.36,686.81,1615483,0.03301001223213836,22073
2026-04-13,TSLA,347.0,356.32,345.66,353.42,834003,0.42596566766755506,17651
2026-04-14,GOOGL,325.0,333.28,323.82,333.0,892773,0.3017085612439305,16271
2026-04-14,MSFT,387.6,394.66,386.58,394.25,1142829,0.1985614990505524,27911
2026-04-14,QQQ,619.23,629.26,619.23,629.26,1470153,0.03461095938171721,17209
2026-04-14,SPY,687.29,695.02,686.88,695.02,1918912,0.026096671079396217,30971
2026-04-14,TSLA,358.1,367.605,354.95,365.25,972226,0.36888705025767105,21151
2026-04-15,GOOGL,331.35,337.47,330.965,336.44,1022562,0.18246094208857086,17026
2026-04-15,MSFT,396.6,415.05,396.02,415.05,1207100,0.22311481670061037,31424
2026-04-15,QQQ,628.91,638.24,627.03,638.24,1286385,0.029241026161020842,19725
2026-04-15,SPY,694.31,700.36,693.08,700.36,2075190,0.02655273879583493,30931
2026-04-15,TSLA,367.29,394.635,362.51,394.0,2215039,0.18672394644912482,49523
2026-04-16,GOOGL,337.56,339.85,334.52,336.29,636924,0.18360785581508202,12374
2026-04-16,MSFT,417.5,420.95,412.15,420.95,1208038,0.2153765628467859,27034
2026-04-16,QQQ,639.55,642.18,635.3,640.05,965001,0.033385748407643134,15088
2026-04-16,SPY,700.94,702.78,698.54,702.08,1749040,0.028139543963766587,25612
2026-04-16,TSLA,397.03,398.25,381.82,388.0,912244,0.4651076166212766,22766
2026-04-17,GOOGL,336.25,342.32,336.06,341.06,754068,0.21340817963111458,13717
2026-04-17,MSFT,422.0,431.58,420.72,422.5,1331837,0.1821434638980652,31785
2026-04-17,QQQ,640.65,650.0,640.65,649.17,1339765,0.04464791541990832,20052
2026-04-17,SPY,702.83,712.36,702.83,710.31,1645229,0.040083076673691584,24685
2026-04-17,TSLA,387.84,409.28,387.84,401.19,1412283,0.46381714802975793,35351
2026-04-20,GOOGL,338.43,341.27,336.62,337.38,593901,0.32081276947069104,10926
2026-04-20,MSFT,417.5,423.11,416.35,417.51,559241,0.4052719610167244,15187
2026-04-20,QQQ,644.9,648.745,642.525,648.24,979022,0.04001191806331374,13425
2026-04-20,SPY,706.05,709.905,705.37,709.25,1210281,0.029337435603894065,20964
2026-04-20,TSLA,396.9,406.72,388.35,392.6,1006916,0.5145230403624071,26931
2026-04-21,GOOGL,338.0,339.34,331.46,333.9,738882,0.2502554686252597,12527
2026-04-21,MSFT,419.5,427.18,417.27,425.51,994841,0.4578611807710282,23527
2026-04-21,QQQ,648.52,650.43,642.22,647.4,1051418,0.06096583328499221,17239
2026-04-21,SPY,709.86,712.18,702.67,707.0,1666907,0.03724814871953196,25963
2026-04-21,TSLA,394.3,396.54,385.25,388.85,734611,0.6029015876409901,18707
2026-04-22,GOOGL,335.62,339.815,335.22,338.47,622339,0.31479103214890014,11820
2026-04-22,MSFT,428.0,433.87,423.69,427.0,799913,0.2969964732595787,20699
2026-04-22,QQQ,649.04,656.02,648.02,655.34,955832,0.03503811757806733,13643
2026-04-22,SPY,708.51,711.44,707.5,710.23,1333717,0.03992536262498168,21304
2026-04-22,TSLA,390.35,406.58,377.55,386.45,983405,0.492153102401215,25029
2026-04-23,GOOGL,336.64,341.955,336.16,338.32,746876,0.3642030528931483,14086
2026-04-23,MSFT,426.09,426.09,411.42,418.01,945032,0.6214560691370954,22911
2026-04-23,QQQ,652.71,656.92,645.52,655.0,868611,0.21260267364939245,14517
2026-04-23,SPY,708.41,712.36,702.34,709.3,1847076,0.040865993898146186,29840
2026-04-23,TSLA,380.0,385.3,368.4,372.9,1425077,0.5782510885341067,33072
2026-04-24,GOOGL,339.15,345.25,335.405,343.84,1075459,0.33884834015461607,17594
2026-04-24,MSFT,418.47,424.84,415.99,423.84,692801,0.40118179532310694,15908
2026-04-24,QQQ,656.34,664.45,655.17,664.02,1286443,0.03977180982283007,17855
2026-04-24,SPY,709.4,714.46,708.21,713.81,1381956,0.04573139572021579,18787
2026-04-24,TSLA,375.86,382.7,370.735,375.25,1076801,0.4535671869052166,26270
2026-04-27,GOOGL,344.47,353.17,342.82,351.7,1339509,0.29145332757130504,23169
2026-04-27,MSFT,423.88,428.0,408.88,425.1,772269,0.44112369871402196,16330
2026-04-27,QQQ,663.46,665.58,660.7,665.0,879042,0.04140371688414479,12649
2026-04-27,SPY,712.96,716.32,712.33,716.31,1541216,0.028553279950723785,25976
2026-04-27,TSLA,375.2,380.75,364.04,377.75,1062442,0.3895256144738384,25591
2026-04-28,GOOGL,352.0,352.42,346.125,349.0,1011786,0.4045465472027968,18305
2026-04-28,MSFT,423.0,429.9,418.5,428.0,806425,0.46277115951894615,17628
2026-04-28,QQQ,661.25,662.16,653.81,659.49,1017255,0.06059132522887676,13326
2026-04-28,SPY,714.32,714.67,709.25,712.15,1522513,0.03250260914941816,23000
2026-04-28,TSLA,375.0,382.28,372.25,377.87,848287,0.5288704491235351,19282
2026-04-29,GOOGL,348.01,376.15,344.23,374.66,1072705,0.38706703623857885,20376
2026-04-29,MSFT,428.45,444.7,408.19,424.8,874368,1.4762465676920933,21507
2026-04-29,QQQ,659.59,666.43,655.83,666.43,907789,0.04679905913978599,14887
2026-04-29,SPY,712.17,713.52,708.16,713.49,1115333,0.04200703844071414,18489
2026-04-29,TSLA,376.33,377.4,370.05,373.0,762697,0.5974438233650097,17890
2026-04-30,GOOGL,371.83,385.85,365.87,384.9,2369453,0.48134879433312316,41299
2026-04-30,MSFT,419.1,421.97,398.01,409.0,2590031,0.6189742517019736,52604
2026-04-30,QQQ,662.35,669.14,657.58,668.32,1191594,0.03641493729885699,18028
2026-04-30,SPY,711.16,720.34,710.465,720.34,2358924,0.02782072705489211,31726
2026-04-30,TSLA,373.2,384.715,368.18,381.09,885296,0.444978515799839,22355
2026-05-01,GOOGL,386.88,386.88,379.08,385.5,1381493,0.43686755833626073,31327
2026-05-01,MSFT,409.01,417.1,408.7,413.3,1053393,0.4689856562164175,21403
2026-05-01,QQQ,668.26,675.96,667.05,672.93,983390,0.04558408309560346,13671
2026-05-01,SPY,719.9,724.85,719.57,720.2,1768409,0.030404957486669545,27756
2026-05-01,TSLA,380.9,397.81,378.88,391.4,1075985,0.5301936082235191,25877
2026-05-04,GOOGL,386.73,388.0,379.8,382.95,989926,0.33573467714712896,20737
2026-05-04,MSFT,413.35,420.76,410.85,413.3,879665,0.6461771013128286,19119
2026-05-04,QQQ,675.74,676.725,668.92,672.01,669781,0.0659721989616474,11944
2026-05-04,SPY,721.32,722.12,715.01,717.76,1462907,0.04267952522255134,23599
2026-05-04,TSLA,392.46,394.58,384.84,391.71,672962,0.5854656649695766,16106
2026-05-05,GOOGL,384.99,398.96,384.05,395.0,1029240,0.41279520901831795,21291
2026-05-05,MSFT,415.69,416.635,408.82,409.66,719153,0.37981917839181606,17697
2026-05-05,QQQ,675.54,688.0,675.54,687.04,663072,0.06797181195096018,10360
2026-05-05,SPY,720.19,726.79,720.19,726.42,1516624,0.027564910189836075,23501
2026-05-05,TSLA,393.2,402.12,386.0,387.3,817262,0.2597810886156941,21881
2026-05-06,GOOGL,394.45,399.83,392.82,397.69,1165319,0.4071986089644512,28468
2026-05-06,MSFT,408.0,418.35,405.15,413.77,841497,0.5135944824613379,18559
2026-05-06,QQQ,686.76,697.59,686.46,694.77,1132797,0.05079766170092419,15911
2026-05-06,SPY,726.1,734.6,725.84,732.86,2029572,0.040852158198373296,28778
2026-05-06,TSLA,387.53,401.67,384.08,397.4,1040397,0.45796673612718924,25914
2026-05-07,GOOGL,399.9,403.06,392.69,396.6,927285,0.30113956568859696,24918
2026-05-07,MSFT,414.7,427.98,414.3,420.0,814688,0.41920132686909845,19595
2026-05-07,QQQ,697.52,701.23,691.0,694.74,1111211,0.050904806269523505,18247
2026-05-07,SPY,735.17,736.11,729.65,730.2,1528588,0.040013572427408696,24325
2026-05-07,TSLA,400.1,415.83,400.0,409.12,1257850,0.5610430147373224,35081
2026-05-08,GOOGL,400.0,402.0,396.4,399.96,956031,0.25050303892409076,23199
2026-05-08,MSFT,420.8,421.6,414.0,415.07,915591,0.3598239167049444,19593
2026-05-08,QQQ,698.77,712.34,698.68,712.34,1135334,0.054541599101908256,16037
2026-05-08,SPY,734.0,738.03,734.0,737.62,1635857,0.03177156892846192,26058
2026-05-08,TSLA,413.86,431.19,413.86,427.95,1444863,0.20391401173758103,38168
2026-05-11,GOOGL,398.0,398.0,388.51,389.33,976140,0.27493664491685943,23755
2026-05-11,MSFT,413.59,413.59,405.51,411.85,756253,0.4233389534883723,17200
2026-05-11,QQQ,710.65,714.55,708.93,713.56,898204,0.0632641533384101,15756
2026-05-11,SPY,736.58,740.73,735.79,739.45,1805705,0.028968506948871986,31381
2026-05-11,TSLA,426.0,449.15,416.81,444.07,1726955,0.2806922085530169,42675
2026-05-12,GOOGL,386.0,390.8,382.78,390.8,930139,0.37183752724390834,25236
2026-05-12,MSFT,410.62,415.44,406.65,407.66,968289,0.40433263044551165,22289
2026-05-12,QQQ,708.86,710.12,696.64,704.96,1315927,0.053350353847532304,22341
2026-05-12,SPY,736.29,738.84,731.83,737.43,1894716,0.032936403652847036,30442
2026-05-12,TSLA,438.26,447.8,422.3,430.75,1155134,0.580386513706397,29986
2026-05-13,GOOGL,389.09,403.7,385.0,402.6,1056493,0.3060557423272971,27663
2026-05-13,MSFT,408.05,408.07,401.03,404.21,842149,0.3918502792264734,21667
2026-05-13,QQQ,712.01,718.54,704.86,717.89,1042012,0.050062686742047446,17093
2026-05-13,SPY,740.18,743.9,735.505,743.64,1378572,0.035116157537176514,21059
2026-05-13,TSLA,437.71,453.39,430.26,448.56,1145098,0.6003058510638293,31584
2026-05-14,GOOGL,404.2,404.2,395.85,400.34,921622,0.5232296206618249,24786
2026-05-14,MSFT,404.05,411.795,400.89,408.3,875981,0.41236434918975623,19130
2026-05-14,QQQ,716.95,722.01,714.05,720.25,951964,0.07194575194163479,16998
2026-05-14,SPY,743.64,749.5,743.6,748.05,1236883,0.060185447403278906,21896
2026-05-14,TSLA,448.2,451.96,441.2,442.5,826048,0.36184758430465336,22478
2026-05-15,GOOGL,393.8,399.525,392.83,396.49,614421,0.4848069140941151,17298
2026-05-15,MSFT,408.8,428.155,408.8,419.8,1247611,0.48795395196586805,27189
2026-05-15,QQQ,712.74,715.13,705.55,707.55,1231338,0.08811986584358188,20574
2026-05-15,SPY,743.24,743.44,737.24,737.61,1540436,0.05051862278042379,27717
2026-05-15,TSLA,433.6,435.83,418.0,418.3,952774,0.34701263461375353,23586
2026-05-18,GOOGL,396.28,408.57,394.62,399.0,994043,0.4358831045560754,27392
2026-05-18,MSFT,420.0,425.1,415.61,423.5,694876,0.76065571901015,17538
2026-05-18,QQQ,707.16,713.3,698.85,706.2,1010255,0.12889605647516986,16432
2026-05-18,SPY,736.36,741.38,733.42,738.17,1551145,0.05008845893247018,26568
2026-05-18,TSLA,417.0,421.0,405.37,410.15,1186927,0.3887758383096009,26124
2026-05-19,GOOGL,398.81,401.09,386.11,387.49,1096894,0.5274495050951457,27379
2026-05-19,MSFT,424.0,432.68,416.14,416.8,817803,0.555215414706348,18917
2026-05-19,QQQ,706.23,706.45,695.25,703.2,1126851,0.08177245994727239,19724
2026-05-19,SPY,738.19,738.29,731.56,733.01,2058068,0.04590640012397353,32272
2026-05-19,TSLA,409.0,409.0,393.66,404.9,991215,0.33297505455479,23371
2026-05-20,GOOGL,389.08,393.72,382.94,387.99,1278152,0.3923830354396627,29261
2026-05-20,MSFT,417.21,422.0,411.31,418.44,895340,0.49368652920337963,22018
2026-05-20,QQQ,704.68,713.1,703.76,708.0,917472,0.06602570694087542,15560
2026-05-20,SPY,735.44,741.8,733.9,738.29,1443550,0.04040199414417942,25282
2026-05-20,TSLA,405.15,418.34,405.15,415.15,857222,0.28363137445361786,20590
2026-05-21,GOOGL,389.6,392.44,383.09,389.45,698667,0.46013474017932393,20187
2026-05-21,MSFT,418.8,433.0,415.71,421.0,837975,0.5133748787584858,20620
2026-05-21,QQQ,711.5,717.26,706.8,717.26,814081,0.09260314404876441,15590
2026-05-21,SPY,740.74,744.84,737.2,743.97,1572260,0.04340047617248032,26465
2026-05-21,TSLA,422.9,426.91,412.91,418.45,960398,0.20515650534255156,23865
2026-05-22,GOOGL,389.67,389.67,381.8,383.1,647877,0.33877975489040774,16972
2026-05-22,MSFT,420.0,424.33,416.34,418.0,597694,0.38332861990950196,14144
2026-05-22,QQQ,718.48,722.015,715.76,717.0,682075,0.07313068051630592,13109
2026-05-22,SPY,745.53,748.94,743.7,743.8,1334651,0.043346088258536315,24051
2026-05-22,TSLA,420.55,431.52,416.02,423.81,924559,0.26160667482089867,22892
2026-05-26,GOOGL,385.71,389.24,382.72,388.0,993703,0.26919110129636575,24456
2026-05-26,MSFT,419.0,419.76,413.045,415.09,833168,0.3652125814465863,21333
2026-05-26,QQQ,722.86,731.17,722.53,730.71,963601,0.048407650650995934,17380
2026-05-26,SPY,749.66,752.12,748.37,750.4,1463217,0.03540838068181812,25347
2026-05-26,TSLA,428.0,437.65,426.12,435.4,900496,0.26271230249718536,23987
2026-05-27,GOOGL,386.6,393.88,385.9,389.0,1082450,0.3837981925752555,30762
2026-05-27,MSFT,414.55,415.94,409.6,415.5,916715,0.28271806663079135,20441
2026-05-27,QQQ,731.99,737.42,725.47,729.59,1136856,0.16447869171378274,16465
2026-05-27,SPY,752.0,753.8,748.24,750.74,1614803,0.03381876041824562,26408
2026-05-27,TSLA,434.7,445.575,434.7,438.0,864456,0.613031992816976,21161
2026-05-28,GOOGL,387.27,392.24,385.2,389.5,1008211,0.31226234249122015,24205
2026-05-28,MSFT,414.31,429.44,412.0,427.5,1468553,0.5183680244331564,30123
2026-05-28,QQQ,727.54,736.62,725.42,736.62,895454,0.05831424108305131,15366
2026-05-28,SPY,750.01,755.55,748.45,755.07,1408781,0.035618748692194446,23901
2026-05-28,TSLA,435.0,443.96,432.7,440.37,689980,0.3029030154849224,18405
2026-05-29,GOOGL,388.1,388.1,378.46,380.34,1208792,0.3892652638840979,28994
2026-05-29,MSFT,428.61,450.3,428.4,448.54,1746820,0.3880738562461123,35366
2026-05-29,QQQ,736.18,741.6,735.29,738.13,946532,0.14836738450211623,16300
2026-05-29,SPY,755.51,758.06,754.71,755.95,1910954,0.03142362482155319,32926
2026-05-29,TSLA,440.6,441.06,428.12,434.42,801067,0.5107621304111746,20259
2026-06-01,GOOGL,378.38,381.0,367.0,368.45,684013,0.41031894042881645,16837
2026-06-01,MSFT,458.48,471.0,451.3,452.0,1772404,0.4304849515563792,38808
2026-06-01,QQQ,741.18,745.62,735.88,740.01,831267,0.13908009361591261,15385
2026-06-01,SPY,758.05,760.26,754.74,757.78,1697343,0.03584432766160835,27234
2026-06-01,TSLA,431.0,431.55,413.5,413.7,785079,0.224173238582199,23078
2026-06-02,GOOGL,368.63,373.55,358.5,362.0,2045341,0.2270660948974806,57599
2026-06-02,MSFT,454.79,454.79,438.0,438.35,1294859,0.397376307419915,30499
2026-06-02,QQQ,741.94,747.29,739.24,745.3,745049,0.06292904790782404,14844
2026-06-02,SPY,757.87,760.4,755.92,759.08,1370515,0.02745072330754792,22890
2026-06-02,TSLA,416.55,424.14,413.69,421.0,669998,0.6057560742642233,16752
2026-06-03,GOOGL,363.82,366.44,356.0,357.99,1761314,0.3326962067982057,38572
2026-06-03,MSFT,437.7,442.9,424.26,427.35,1396131,0.3581238525631968,28324
2026-06-03,QQQ,746.06,748.64,738.0,738.59,1060859,0.05624544592503787,20039
2026-06-03,SPY,759.01,759.23,750.0,750.21,2124029,0.03295521744486933,32475
2026-06-03,TSLA,419.8,433.545,416.17,420.0,798552,0.34268167202572264,20215
2026-06-04,GOOGL,359.15,373.24,357.9,370.4,1560706,0.30408494994104035,43249
2026-06-04,MSFT,429.17,436.09,426.43,428.0,881432,0.5193505921503377,20434
2026-06-04,QQQ,740.65,743.48,732.62,735.8,1038136,0.08864379863427023,18892
2026-06-04,SPY,752.38,758.31,750.22,755.33,1739272,0.058973007668659407,29605
2026-06-04,TSLA,421.1,426.315,416.5,416.95,703689,0.2958505012669387,18154
2026-06-05,GOOGL,369.56,372.065,364.01,364.01,1616097,0.5280741714487946,39557
2026-06-05,MSFT,429.28,430.0,412.5,412.5,995195,0.5612143713679545,21682
2026-06-05,QQQ,732.58,734.88,700.0,701.0,2387598,0.11322046634483957,43920
2026-06-05,SPY,753.21,754.74,733.66,735.48,3253664,0.02881374596544429,52719
2026-06-05,TSLA,416.8,424.65,388.6,391.45,1201020,0.26114322539068846,31035
2026-06-08,GOOGL,363.38,369.59,360.56,363.0,942804,0.41719880249211116,24719
2026-06-08,MSFT,414.51,417.01,408.6,411.0,853589,0.4269161424538114,20189
2026-06-08,QQQ,710.87,723.01,708.83,714.7,1415302,0.07236328661720251,25475
2026-06-08,SPY,739.97,745.32,738.19,738.99,1925381,0.04059692419913698,32902
2026-06-08,TSLA,394.0,412.93,393.0,408.2,1282747,0.3658996754007298,29883
2026-06-09,GOOGL,364.15,372.07,357.39,363.55,1033520,0.5352375161809128,25493
2026-06-09,MSFT,410.41,411.97,398.49,403.5,1150396,0.4515592720118054,24396
2026-06-09,QQQ,719.91,725.64,686.42,705.12,3195281,0.07089605529461165,52376
2026-06-09,SPY,742.3,746.89,722.6,734.7,3965901,0.0677926748367725,57302
2026-06-09,TSLA,409.9,418.5,384.25,395.0,1207700,0.41485412850261233,29478
2026-06-10,GOOGL,360.0,368.52,354.5,354.5,1245133,0.25785808283695805,28876
2026-06-10,MSFT,401.1,405.0,396.78,396.78,889085,0.6608629829504747,20939
2026-06-10,QQQ,703.27,711.28,687.83,691.32,2117454,0.09753785592441876,38105
2026-06-10,SPY,733.67,738.38,721.85,722.01,2621691,0.04230014360938245,41817
2026-06-10,TSLA,391.8,397.06,378.5,379.0,1190871,0.3786879585671122,30121
2026-06-11,GOOGL,357.91,360.27,346.37,360.21,1158094,0.34689679415073177,28448
2026-06-11,MSFT,398.34,398.9,384.0,392.3,1442490,0.4196095654787744,29941
2026-06-11,QQQ,701.7,719.73,695.0,719.37,1679688,0.12074614146387669,31716
2026-06-11,SPY,731.38,740.0,724.46,739.38,3549404,0.03869954337899491,60272
2026-06-11,TSLA,388.2,399.8,380.75,398.9,1007661,0.4015308994846479,23091
2026-06-12,GOOGL,360.86,366.57,354.95,360.82,951474,0.3656939755598888,21031
2026-06-12,MSFT,392.14,394.3,382.28,390.58,1188962,0.405019832189168,26221
2026-06-12,QQQ,715.67,723.98,711.35,722.9,1325159,0.09745973589802258,26207
2026-06-12,SPY,739.22,744.41,735.03,742.12,2507342,0.04818284765212186,39750
2026-06-12,TSLA,398.92,407.36,386.77,405.8,1923952,0.48236997911804524,40705
2026-06-15,GOOGL,365.2,372.98,364.5,369.35,942310,0.2431626794258374,20902
2026-06-15,MSFT,399.1,401.75,392.93,399.0,977663,0.3516495095658918,20594
2026-06-15,QQQ,736.0,744.72,735.33,742.33,824343,0.07646325766440314,17107
2026-06-15,SPY,750.91,756.68,750.41,753.57,2143657,0.03543468141617135,36533
2026-06-15,TSLA,411.05,416.0,407.13,408.8,942729,0.334463035958491,24862
2026-06-16,GOOGL,368.9,375.94,367.075,371.74,1181422,0.19099750905797167,26502
2026-06-16,MSFT,400.0,400.0,390.69,392.82,1120887,0.4019827505390459,21334
2026-06-16,QQQ,743.18,746.03,729.16,730.34,1155714,0.09516441102757016,19950
2026-06-16,SPY,754.59,755.44,749.8,750.68,2009363,0.026148909698121038,30550
2026-06-16,TSLA,405.2,412.4,400.55,402.8,877995,0.32790854792911067,20426
2026-06-17,GOOGL,372.085,372.175,362.09,364.51,1020034,0.3740748216297398,21304
2026-06-17,MSFT,393.0,393.1,377.38,382.2,1194066,0.24079614569807864,29266
2026-06-17,QQQ,735.9,735.91,720.85,729.37,930407,0.1414583685664356,17742
2026-06-17,SPY,752.41,752.445,739.25,745.32,3129570,0.039565393495078746,49410
2026-06-17,TSLA,404.52,405.9,393.815,397.435,789408,0.29022520682259256,19582
2026-06-18,GOOGL,364.895,369.47,358.68,367.25,1020944,0.2614149031054897,24667
2026-06-18,MSFT,382.8,382.8,373.28,378.83,1263649,0.34955944972158554,24424
2026-06-18,QQQ,733.93,741.8,731.81,739.9,1363621,0.08729421963040408,25384
2026-06-18,SPY,746.46,748.46,743.52,748.0,1659308,0.03733500445265421,30348
2026-06-18,TSLA,399.59,402.51,384.7,398.6,1327589,0.3875208204281086,29058
